{
  "rows": [
    {
      "n_points": 200,
      "Omega_V_h2": 33.306640485317786,
      "Omega_Psi_h2": 2995.5574465839336,
      "relic_approx": false,
      "sigmav_approx": true,
      "wall_seconds": 0.047
    },
    {
      "n_points": 400,
      "Omega_V_h2": 33.306640485317786,
      "Omega_Psi_h2": 2995.5574465839336,
      "relic_approx": false,
      "sigmav_approx": true,
      "wall_seconds": 0.044
    },
    {
      "n_points": 800,
      "Omega_V_h2": 33.306640485317786,
      "Omega_Psi_h2": 2995.5574465839336,
      "relic_approx": false,
      "sigmav_approx": true,
      "wall_seconds": 0.044
    }
  ]
}