{
	"ok":true,
	"reason":"OK",
	"m_chi":4.95510455e2,
	"m_q":4.67e-3,
	"C_scalar_full_re":-7.85147358607451e-15,
	"C_scalar_full_im":8.075783282519871e-20,
	"C_scalar_3op_re":1.0135212024763137e-11,
	"C_scalar_3op_im":-7.092826534167308e-18,
	"C_twist2_re":-2.0387237392660865e-14,
	"C_twist2_im":1.4159883612264202e-20,
	"C_chi_vector_re":-1.9214205807973561e-19,
	"si_shift_rel":1.000774672850153,
	"full_basis_completeness_rel_residual":1.1163146394533758e-10,
	"rotation_exactness_max":4.809673770536007e-16,
	"basis_rank":256,
	"basis_cond":6.11415434964138e3,
	"completeness_ok":true
}