{
	"ok":true,
	"reason":"OK",
	"m_chi":4.95510455e2,
	"m_q":4.67e-3,
	"C_scalar_full_re":-8.687867499815537e-15,
	"C_scalar_full_im":4.47437868514301e-20,
	"C_scalar_3op_re":1.0134390417345915e-11,
	"C_scalar_3op_im":-3.929409658881497e-18,
	"C_twist2_re":-2.038721979823477e-14,
	"C_twist2_im":7.84454309589062e-21,
	"C_chi_vector_re":-1.9214189225887546e-19,
	"si_shift_rel":1.0008572659175397,
	"full_basis_completeness_rel_residual":6.172331757649677e-11,
	"rotation_exactness_max":4.809673770536007e-16,
	"basis_rank":256,
	"basis_cond":6.11415434964138e3,
	"completeness_ok":true
}