{
	"ok":true,
	"reason":"OK",
	"m_chi":4.79403955e2,
	"m_q":4.67e-3,
	"C_scalar_full_re":-3.7638443373796225e-14,
	"C_scalar_full_im":3.4161771964756915e-19,
	"C_scalar_3op_re":4.097037584347529e-11,
	"C_scalar_3op_im":-2.9029716909621104e-17,
	"C_twist2_re":-8.519612915961399e-14,
	"C_twist2_im":5.990103903906727e-20,
	"C_chi_vector_re":-8.299178991449857e-19,
	"si_shift_rel":1.0009186745935117,
	"full_basis_completeness_rel_residual":2.836122323521365e-10,
	"rotation_exactness_max":5.13640438626698e-16,
	"basis_rank":256,
	"basis_cond":6.114160877196006e3,
	"completeness_ok":true
}