{
	"ok":true,
	"reason":"OK",
	"m_chi":4.79403955e2,
	"m_q":4.67e-3,
	"C_scalar_full_re":-3.4122551496064066e-14,
	"C_scalar_full_im":1.7848168683988644e-19,
	"C_scalar_3op_re":4.097460076706835e-11,
	"C_scalar_3op_im":-1.5163999713401878e-17,
	"C_twist2_re":-8.519527474832542e-14,
	"C_twist2_im":3.1289982667785275e-20,
	"C_chi_vector_re":-8.299095760999293e-19,
	"si_shift_rel":1.0008327732511686,
	"full_basis_completeness_rel_residual":6.038490365066104e-11,
	"rotation_exactness_max":5.13640438626698e-16,
	"basis_rank":256,
	"basis_cond":6.114160877196006e3,
	"completeness_ok":true
}