{
	"ok":true,
	"reason":"OK",
	"m_chi":4.79403955e2,
	"m_q":4.67e-3,
	"C_scalar_full_re":1.2858248599475267e-12,
	"C_scalar_full_im":1.0397392859916848e-13,
	"C_scalar_3op_re":-2.0958645377663044e-9,
	"C_scalar_3op_im":-7.443009157906002e-16,
	"C_twist2_re":-1.023302130309202e-11,
	"C_twist2_im":1.5358362142176522e-18,
	"C_chi_vector_re":-9.968255160815208e-17,
	"si_shift_rel":1.000613506956735,
	"full_basis_completeness_rel_residual":2.742397349649273e-6,
	"rotation_exactness_max":5.13640438626698e-16,
	"basis_rank":256,
	"basis_cond":6.114160877196006e3,
	"completeness_ok":false
}