{
	"ok":true,
	"reason":"OK",
	"m_chi":4.79403955e2,
	"m_q":4.67e-3,
	"C_scalar_full_re":-3.0447491271710406e-14,
	"C_scalar_full_im":3.4166084210343383e-19,
	"C_scalar_3op_re":4.097823238671354e-11,
	"C_scalar_3op_im":-2.903138140451081e-17,
	"C_twist2_re":-8.519532284338738e-14,
	"C_twist2_im":5.990447362062334e-20,
	"C_chi_vector_re":-8.29910044606576e-19,
	"si_shift_rel":1.0007430162185766,
	"full_basis_completeness_rel_residual":1.1392045605611736e-10,
	"rotation_exactness_max":5.13640438626698e-16,
	"basis_rank":256,
	"basis_cond":6.114160877196006e3,
	"completeness_ok":true
}